data_extracao;codigo;nome;ei_creche_parcial;ei_creche_integral;ei_creche;ei_pre_parcial;ei_pre_integral;ei_pre;ef_ciclos_parcial;ef_ciclos_integral;ef_ciclos;ef_eja;ensino_medio;normal_magisterio;profissionalizante;total
2022-05-01 01:41:00.677;101;EMEI JP CANTINHO AMIGO                                  ;0;0;0;72;0;72;0;0;0;0;0;0;0;72
2022-05-01 01:41:00.678;102;EMEI JP CIRANDINHA                                      ;0;0;0;40;0;40;0;0;0;0;0;0;0;40
2022-05-01 01:41:00.679;103;EMEI JP GIRAFINHA                                       ;0;0;0;73;0;73;0;0;0;0;0;0;0;73
2022-05-01 01:41:00.680;104;EMEI JP MEU AMIGUINHO                                   ;14;0;14;42;0;42;0;0;0;0;0;0;0;56
2022-05-01 01:41:00.681;105;EMEI JP PASSARINHO DOURADO                              ;0;0;0;0;39;39;0;0;0;0;0;0;0;39
2022-05-01 01:41:00.683;106;EMEI JP PATINHO FEIO                                    ;0;0;0;56;0;56;0;0;0;0;0;0;0;56
2022-05-01 01:41:00.684;107;EMEI JP PICA-PAU AMARELO                                ;0;0;0;57;0;57;0;0;0;0;0;0;0;57
2022-05-01 01:41:00.685;108;EMEI BAIRRO CAVALHADA                                   ;0;37;37;0;40;40;0;0;0;0;0;0;0;77
2022-05-01 01:41:00.686;109;EMEI ÉRICO VERÍSSIMO                                    ;0;95;95;0;86;86;0;0;0;0;0;0;0;181
2022-05-01 01:41:00.687;110;EMEI JARDIM BENTO GONÇALVES                             ;0;40;40;0;42;42;0;0;0;0;0;0;0;82
2022-05-01 01:41:00.688;111;EMEI DO JARDIM SALOMONI                                 ;0;57;57;0;43;43;0;0;0;0;0;0;0;100
2022-05-01 01:41:00.689;112;EMEI DA VILA MAX GEISS                                  ;0;56;56;0;35;35;0;0;0;0;0;0;0;91
2022-05-01 01:41:00.690;113;EMEI MARIA HELENA CAVALHEIRO GUSMÃO                     ;0;24;24;0;58;58;0;0;0;0;0;0;0;82
2022-05-01 01:41:00.691;115;EMEI VALE VERDE                                         ;0;11;11;0;45;45;0;0;0;0;0;0;0;56
2022-05-01 01:41:00.692;116;EMEI DA VILA ELIZABETH                                  ;0;57;57;0;42;42;0;0;0;0;0;0;0;99
2022-05-01 01:41:00.693;117;EMEI DA VILA FLORESTA                                   ;0;57;57;0;42;42;0;0;0;0;0;0;0;99
2022-05-01 01:41:00.695;118;EMEI MARIA MARQUES FERNANDES                            ;0;55;55;0;62;62;0;0;0;0;0;0;0;117
2022-05-01 01:41:00.696;119;EMEI VILA NOVA                                          ;0;54;54;0;40;40;0;0;0;0;0;0;0;94
2022-05-01 01:41:00.697;120;EMEI DOM LUIZ DE NADAL                                  ;0;75;75;0;88;88;0;0;0;0;0;0;0;163
2022-05-01 01:41:00.698;121;EMEI FLORÊNCIA VURLOD SOCIAS                            ;0;104;104;0;84;84;0;0;0;0;0;0;0;188
2022-05-01 01:41:00.699;122;EMEI DA VILA NOVA RESTINGA                              ;0;102;102;0;83;83;0;0;0;0;0;0;0;185
2022-05-01 01:41:00.700;123;EMEI DA VILA DA PÁSCOA                                  ;0;0;0;0;43;43;0;0;0;0;0;0;0;43
2022-05-01 01:41:00.701;124;EMEI DA VILA TRONCO                                     ;0;49;49;0;52;52;0;0;0;0;0;0;0;101
2022-05-01 01:41:00.702;125;EMEI DR WALTER SILBER                                   ;0;39;39;0;102;102;0;0;0;0;0;0;0;141
2022-05-01 01:41:00.704;126;EMEI DOS MUNICIPÁRIOS TIO BARNABÉ                       ;0;72;72;0;39;39;0;0;0;0;0;0;0;111
2022-05-01 01:41:15.868;127;EMEI PARQUE DOS MAIAS II                                ;0;58;58;0;44;44;0;0;0;0;0;0;0;102
2022-05-01 01:41:15.869;128;EMEI DA VILA NOVA SÃO CARLOS                            ;0;52;52;0;58;58;0;0;0;0;0;0;0;110
2022-05-01 01:41:15.870;129;EMEI DA VILA MAPA II                                    ;0;57;57;0;84;84;0;0;0;0;0;0;0;141
2022-05-01 01:41:15.871;130;EMEI ILHA DA PINTADA                                    ;0;20;20;0;84;84;0;0;0;0;0;0;0;104
2022-05-01 01:41:15.872;131;EMEI JARDIM CAMAQUÃ                                     ;0;40;40;0;42;42;0;0;0;0;0;0;0;82
2022-05-01 01:41:15.873;132;EMEI PADRE ÂNGELO COSTA                                 ;0;37;37;0;88;88;0;0;0;0;0;0;0;125
2022-05-01 01:41:15.875;133;EMEI PROTÁSIO ALVES                                     ;0;35;35;0;75;75;0;0;0;0;0;0;0;110
2022-05-01 01:41:15.876;134;EMEI NOVA GLEBA                                         ;0;48;48;0;86;86;0;0;0;0;0;0;0;134
2022-05-01 01:41:15.877;135;EMEI DA VILA SANTA ROSA                                 ;0;51;51;0;83;83;0;0;0;0;0;0;0;134
2022-05-01 01:41:15.878;136;EMEI HUMAITÁ                                            ;0;58;58;0;43;43;0;0;0;0;0;0;0;101
2022-05-01 01:41:15.879;137;EMEI PONTA GROSSA                                       ;0;73;73;0;77;77;0;0;0;0;0;0;0;150
2022-05-01 01:41:15.880;138;EMEI DA VILA VALNERI ANTUNES                            ;0;68;68;0;142;142;0;0;0;0;0;0;0;210
2022-05-01 01:41:15.881;139;EMEI OSMAR DOS SANTOS FREITAS                           ;0;73;73;0;43;43;0;0;0;0;0;0;0;116
2022-05-01 01:41:15.882;140;EMEI PAULO FREIRE                                       ;0;98;98;0;85;85;0;0;0;0;0;0;0;183
2022-05-01 01:41:15.884;141;EMEI MAMÃE CORUJA                                       ;0;44;44;0;35;35;0;0;0;0;0;0;0;79
2022-05-01 01:41:15.885;142;EMEI MIGUEL GRANATO VELASQUEZ                           ;0;74;74;0;82;82;0;0;0;0;0;0;0;156
2022-05-01 01:41:15.886;143;EMEI SANTO EXPEDITO                                     ;0;72;72;0;85;85;0;0;0;0;0;0;0;157
2022-05-01 01:41:15.887;201;EMEF AFONSO GUERREIRO LIMA                              ;0;0;0;0;0;0;770;88;858;101;0;0;0;959
2022-05-01 01:41:15.888;202;EMEF SEN ALBERTO PASQUALINI                             ;0;0;0;0;0;0;886;99;985;245;0;0;0;1230
2022-05-01 01:41:15.889;203;EMEF AMÉRICA                                            ;0;0;0;0;0;0;461;0;461;0;0;0;0;461
2022-05-01 01:41:15.890;204;EMEF ARAMY SILVA                                        ;0;0;0;82;0;82;738;0;738;0;0;0;0;820
2022-05-01 01:41:15.891;205;EMEF DÉCIO MARTINS COSTA                                ;0;0;0;85;0;85;795;81;876;0;0;0;0;961
2022-05-01 01:41:15.892;206;EMEF DOLORES ALCARAZ CALDAS                             ;0;0;0;115;0;115;931;147;1078;126;0;0;0;1319
2022-05-01 01:41:15.894;207;EMEF PROF GILBERTO JORGE GONÇALVES DA SILVA             ;0;0;0;0;36;36;175;0;175;0;0;0;0;211
2022-05-01 01:41:15.895;208;EMEF GRANDE ORIENTE DO RGS                              ;0;0;0;62;0;62;679;191;870;198;0;0;0;1130
2022-05-01 01:41:15.896;209;EMEF GOV ILDO MENEGHETTI                                ;0;0;0;34;0;34;1127;0;1127;148;0;0;0;1309
2022-05-01 01:41:15.897;210;EMEF JOSÉ LOUREIRO DA SILVA                             ;0;0;0;50;0;50;724;85;809;211;0;0;0;1070
2022-05-01 01:41:15.898;211;EMEF PRES JOÃO BELCHIOR MARQUES GOULART                 ;0;0;0;53;0;53;564;0;564;0;0;0;0;617
2022-05-01 01:41:15.899;212;EMEF PROF JUDITH MACEDO DE ARAÚJO                       ;0;0;0;0;0;0;738;60;798;251;0;0;0;1049
2022-05-01 01:41:15.900;213;EMEF PROF LARRY JOSÉ RIBEIRO ALVES                      ;0;0;0;0;0;0;737;99;836;0;0;0;0;836
2022-05-01 01:41:15.901;214;EMEF LEOCÁDIA FELIZARDO PRESTES                         ;0;0;0;71;0;71;415;43;458;36;0;0;0;565
2022-05-01 01:41:24.237;215;EMEB DR LIBERATO SALZANO VIEIRA DA CUNHA                ;0;0;0;90;17;107;883;0;883;98;205;27;1;1321
2022-05-01 01:41:24.238;216;EMEF VER MARTIM ARANHA                                  ;0;0;0;42;0;42;482;55;537;93;0;0;0;672
2022-05-01 01:41:24.239;217;EMEF NOSSA SENHORA DE FÁTIMA                            ;0;0;0;86;0;86;573;0;573;77;0;0;0;736
2022-05-01 01:41:24.240;218;EMEF PEPITA DE LEÃO                                     ;0;0;0;11;0;11;406;44;450;0;0;0;0;461
2022-05-01 01:41:24.241;219;EMEF PRESIDENTE VARGAS                                  ;0;0;0;14;0;14;336;119;455;0;0;0;0;469
2022-05-01 01:41:24.242;220;EMEF HEITOR VILLA LOBOS                                 ;0;0;0;0;0;0;851;88;939;165;0;0;0;1104
2022-05-01 01:41:24.243;221;EMEF JOÃO ANTONIO SATTE                                 ;0;0;0;0;0;0;928;1;929;99;0;0;0;1028
2022-05-01 01:41:24.244;222;EMEF PROF ANA IRIS DO AMARAL                            ;0;0;0;0;40;40;355;0;355;0;0;0;0;395
2022-05-01 01:41:24.245;223;EMEF JOSE MARIANO BECK                                  ;0;0;0;71;0;71;657;0;657;89;0;0;0;817
2022-05-01 01:41:24.247;224;EMEF VER CARLOS PESSOA DE BRUM                          ;0;0;0;39;0;39;818;246;1064;183;0;0;0;1286
2022-05-01 01:41:24.248;225;EMEEF PROF ELYSEU PAGLIOLI                              ;0;0;0;1;0;1;114;0;114;0;0;0;0;115
2022-05-01 01:41:24.249;226;EMEF GABRIEL OBINO                                      ;0;0;0;62;0;62;436;82;518;61;0;0;0;641
2022-05-01 01:41:24.250;227;EMEF VER ANTÔNIO GIÚDICE                                ;0;0;0;0;0;0;842;0;842;178;0;0;0;1020
2022-05-01 01:41:24.251;228;EMEF LAURO RODRIGUES                                    ;0;0;0;67;0;67;509;49;558;0;0;0;0;625
2022-05-01 01:41:24.252;229;EMEF LIDOVINO FANTON                                    ;0;0;0;89;0;89;807;93;900;109;0;0;0;1098
2022-05-01 01:41:24.253;230;EMEEF PROF LYGIA MORRONE AVERBUCK                       ;3;0;3;4;0;4;105;0;105;0;0;0;0;112
2022-05-01 01:41:24.254;231;EMEF DEP MARCÍRIO GOULART LOUREIRO                      ;0;0;0;0;0;0;755;0;755;200;0;0;0;955
2022-05-01 01:41:24.255;232;EMEF DEP VICTOR ISSLER                                  ;0;0;0;0;0;0;970;30;1000;225;0;0;0;1225
2022-05-01 01:41:24.257;233;EMEEF PROF LUIZ FRANCISCO LUCENA BORGES                 ;1;0;1;3;0;3;65;0;65;0;0;0;0;69
2022-05-01 01:41:24.258;234;EMEF JEAN PIAGET                                        ;0;0;0;47;0;47;578;0;578;57;0;0;0;682
2022-05-01 01:41:24.259;235;EMEF PROF ANÍSIO TEIXEIRA                               ;0;0;0;0;0;0;808;94;902;146;0;0;0;1048
2022-05-01 01:41:24.260;236;EMEEF TRISTÃO SUCUPIRA VIANNA                           ;10;0;10;12;0;12;119;0;119;0;0;0;0;141
2022-05-01 01:41:24.261;237;EMEF SÃO PEDRO                                          ;0;0;0;23;0;23;924;40;964;121;0;0;0;1108
2022-05-01 01:41:24.262;238;EMEF SAINT HILAIRE                                      ;0;0;0;31;0;31;833;0;833;173;0;0;0;1037
2022-05-01 01:41:24.263;239;EMEF WENCESLAU FONTOURA                                 ;0;0;0;81;0;81;540;192;732;0;0;0;0;813
2022-05-01 01:41:24.264;240;EMEF CAMPOS DO CRISTAL                                  ;0;0;0;61;0;61;291;155;446;0;0;0;0;507
2022-05-01 01:41:24.265;241;EMEF MIGRANTES                                          ;0;0;0;37;0;37;133;0;133;0;0;0;0;170
2022-05-01 01:41:24.266;242;EMEF VILA MONTE CRISTO                                  ;0;0;0;54;0;54;825;45;870;157;0;0;0;1081
2022-05-01 01:41:24.268;243;EMEF MORRO DA CRUZ                                      ;0;0;0;140;0;140;855;95;950;0;0;0;0;1090
2022-05-01 01:41:24.269;244;EMEF NEUSA GOULART BRIZOLA                              ;0;0;0;0;42;42;354;0;354;0;0;0;0;396
2022-05-01 01:41:26.024;245;EMEF PORTO ALEGRE                                       ;0;0;0;0;0;0;-1;1;0;77;0;0;0;77
2022-05-01 01:41:26.026;246;EMEF CHICO MENDES                                       ;0;0;0;0;0;0;1053;77;1130;143;0;0;0;1273
2022-05-01 01:41:26.026;247;EMEF MARIO QUINTANA                                     ;0;0;0;0;0;0;402;98;500;0;0;0;0;500
2022-05-01 01:41:26.026;248;EMEF CHAPÉU DO SOL                                      ;0;0;0;75;0;75;716;200;916;141;0;0;0;1132
2022-05-01 01:41:26.026;249;EMEF TIMBAÚVA                                           ;0;0;0;64;0;64;462;223;685;0;0;0;0;749
2022-05-01 01:41:26.026;250;EMEF NOSSA SENHORA DO CARMO                             ;0;0;0;41;0;41;581;157;738;125;0;0;0;904
2022-05-01 01:41:26.026;251;EMEF DE SURDOS BILINGUE SALOMÃO WATNICK                 ;0;0;0;3;0;3;15;0;15;23;0;0;0;41
2022-05-01 01:41:26.026;252;EMEF RINCÃO                                             ;0;0;0;0;0;0;471;30;501;0;0;0;0;501
2022-05-01 01:41:26.026;253;EMEF MORADAS DA HÍPICA                                  ;0;0;0;105;0;105;937;39;976;0;0;0;0;1081
2022-05-01 01:41:26.026;254;EMEF PORTO NOVO                                         ;0;0;0;0;82;82;458;0;458;0;0;0;0;540
2022-05-01 01:41:26.026;301;EMEM EMÍLIO MEYER                                       ;0;0;0;0;71;71;355;0;355;0;307;3;0;736
2022-05-01 01:41:26.026;401;CMET PAULO FREIRE                                       ;0;0;0;0;0;0;0;0;0;714;0;0;0;714
2022-05-01 01:40:28.979;5001;5001 IEI MÃEZINHA DO CÉU                                ;0;34;34;0;22;22;0;0;0;0;0;0;0;56
2022-05-01 01:40:28.981;5002;5002 IEI JOÃO PAULO II                                  ;0;30;30;0;62;62;0;0;0;0;0;0;0;92
2022-05-01 01:40:28.982;5003;5003 EEI ESTRELINHA DO CÉU                              ;0;63;63;0;64;64;0;0;0;0;0;0;0;127
2022-05-01 01:40:28.983;5004;5004 EEI ESTRELINHA DO AMANHÃ                           ;0;50;50;0;45;45;0;0;0;0;0;0;0;95
2022-05-01 01:40:28.989;5005;5005 IEI VILA UNIÃO                                     ;0;56;56;0;36;36;0;0;0;0;0;0;0;92
2022-05-01 01:40:28.990;5006;5006 EEI TRENZINHO DA ALEGRIA                           ;0;20;20;0;26;26;0;0;0;0;0;0;0;46
2022-05-01 01:40:28.992;5007;5007 IEI EUGÊNIA CONTE                                  ;0;69;69;0;95;95;0;0;0;0;0;0;0;164
2022-05-01 01:40:28.993;5008;5008 EEI  JOANA D'ARC                                   ;0;40;40;0;32;32;0;0;0;0;0;0;0;72
2022-05-01 01:40:28.994;5009;5009 IEI SANTA CATARINA                                 ;0;49;49;0;43;43;0;0;0;0;0;0;0;92
2022-05-01 01:40:28.995;5010;5010 IEI ACOMPAR NUCLEO II - SANTO AGOSTINHO            ;0;87;87;0;83;83;0;0;0;0;0;0;0;170
2022-05-01 01:40:28.996;5012;5012 EEI JESUS O BOM PASTOR                             ;0;54;54;0;50;50;0;0;0;0;0;0;0;104
2022-05-01 01:40:28.997;5013;5013 IEI SANTA LUIZA                                    ;0;86;86;0;104;104;0;0;0;0;0;0;0;190
2022-05-01 01:40:28.998;5016;5016 IEI OSICOM I                                       ;0;75;75;0;97;97;0;0;0;0;0;0;0;172
2022-05-01 01:40:28.999;5017;5017 EEI NEGRINHO DO PASTOREIO                          ;0;76;76;0;46;46;0;0;0;0;0;0;0;122
2022-05-01 01:40:29.000;5018;5018 IEI ESPERANÇA CORDEIRO                             ;0;33;33;0;45;45;0;0;0;0;0;0;0;78
2022-05-01 01:40:29.002;5019;5019 IEI VOVÔ CAZEMIRO -ACM CRUZEIRO                    ;0;101;101;0;93;93;0;0;0;0;0;0;0;194
2022-05-01 01:40:29.003;5020;5020 EEI MADRE TERESA                                   ;0;37;37;0;130;130;0;0;0;0;0;0;0;167
2022-05-01 01:40:29.004;5021;5021 EEI GALPÃOZINHO                                    ;0;64;64;0;48;48;0;0;0;0;0;0;0;112
2022-05-01 01:40:29.005;5023;5023 EEI VO ANA                                         ;0;44;44;0;43;43;0;0;0;0;0;0;0;87
2022-05-01 01:40:29.006;5024;5024 IEI LAR DA CRIANÇA MENINO JESUS DE PRAGA           ;0;38;38;0;40;40;0;0;0;0;0;0;0;78
2022-05-01 01:40:29.007;5026;5026 IEI CRIANÇA ESPERANÇA                              ;0;54;54;0;42;42;0;0;0;0;0;0;0;96
2022-05-01 01:40:29.013;5027;5027 IEI GIRASSOL                                       ;0;40;40;0;39;39;0;0;0;0;0;0;0;79
2022-05-01 01:40:29.014;5028;5028 EEI SÃO VICENTE DE PAULO                           ;0;39;39;0;47;47;0;0;0;0;0;0;0;86
2022-05-01 01:40:29.015;5029;5029 EEI CANTINHO DOS PIAS                              ;0;40;40;0;64;64;0;0;0;0;0;0;0;104
2022-05-01 01:40:29.016;5030;5030 EEI TRÊS CORAÇÕES                                  ;0;54;54;0;46;46;0;0;0;0;0;0;0;100
2022-05-01 01:40:29.765;5031;5031 IEI TIA ROSA                                       ;0;47;47;0;28;28;0;0;0;0;0;0;0;75
2022-05-01 01:40:29.766;5032;5032 IEI JERUSALÉM BEITH SHALOM                         ;0;43;43;0;41;41;0;0;0;0;0;0;0;84
2022-05-01 01:40:29.768;5033;5033 IEI ALAN MARIA TEREZA                              ;0;44;44;0;31;31;0;0;0;0;0;0;0;75
2022-05-01 01:40:29.769;5034;5034 IEI ALAN BOM JESUS                                 ;0;58;58;0;49;49;0;0;0;0;0;0;0;107
2022-05-01 01:40:29.770;5035;5035 EEI NOSSA SENHORA APARECIDA VILA PINTO             ;0;38;38;0;64;64;0;0;0;0;0;0;0;102
2022-05-01 01:40:29.771;5036;5036 EEI MUNDO CRIANÇA                                  ;0;50;50;0;50;50;0;0;0;0;0;0;0;100
2022-05-01 01:40:29.772;5037;5037 IEI AELCA                                          ;0;66;66;0;44;44;0;0;0;0;0;0;0;110
2022-05-01 01:40:29.773;5038;5038 IEI NOSSA SENHORA DE FÁTIMA -BOM JESUS             ;0;56;56;0;54;54;0;0;0;0;0;0;0;110
2022-05-01 01:40:29.774;5040;5040 IEI SAGRADA FAMÍLIA                                ;0;33;33;0;36;36;0;0;0;0;0;0;0;69
2022-05-01 01:40:29.775;5041;5041 EEI MENSAGEIROS DA LUZ                             ;0;26;26;0;41;41;0;0;0;0;0;0;0;67
2022-05-01 01:40:29.776;5042;5042 IEI PIU PIU                                        ;0;30;30;0;28;28;0;0;0;0;0;0;0;58
2022-05-01 01:40:29.778;5043;5043 IEI LUPICINIO RODRIGUES                            ;0;50;50;0;42;42;0;0;0;0;0;0;0;92
2022-05-01 01:40:29.779;5044;5044 EEI CASA DO PEQUENINO                              ;0;47;47;0;31;31;0;0;0;0;0;0;0;78
2022-05-01 01:40:29.780;5045;5045 EEI SOMAI                                          ;0;58;58;0;62;62;0;0;0;0;0;0;0;120
2022-05-01 01:40:29.781;5046;5046 IEI NSA SRA DE FÁTIMA NOVO MUNDO                   ;0;61;61;0;48;48;0;0;0;0;0;0;0;109
2022-05-01 01:40:29.782;5048;5048 IEI HELOISA BECKER                                 ;0;40;40;0;41;41;0;0;0;0;0;0;0;81
2022-05-01 01:40:29.783;5049;5049 IEI BRINCANDO DE CIRANDA                           ;0;10;10;0;26;26;0;0;0;0;0;0;0;36
2022-05-01 01:40:29.784;5050;5050 EEI NSA SRA APARECIDA SÃO PEDRO                    ;0;25;25;0;32;32;0;0;0;0;0;0;0;57
2022-05-01 01:40:29.785;5051;5051 EEI TURMA DO BARULHO                               ;0;58;58;0;46;46;0;0;0;0;0;0;0;104
2022-05-01 01:40:29.786;5052;5052 EEI SÃO PEDRO                                      ;0;20;20;0;25;25;0;0;0;0;0;0;0;45
2022-05-01 01:40:29.788;5053;5053 IEI BALÃO MÁGICO                                   ;0;49;49;0;37;37;0;0;0;0;0;0;0;86
2022-05-01 01:40:29.789;5054;5054 EEI CASA DA CRIANÇA ALGODÃO DOCE                   ;0;63;63;0;76;76;0;0;0;0;0;0;0;139
2022-05-01 01:40:29.790;5055;5055 IEI VOVÓ IDA                                       ;0;58;58;0;46;46;0;0;0;0;0;0;0;104
2022-05-01 01:40:29.791;5056;5056 EEI PAINEIRAS                                      ;0;31;31;0;22;22;0;0;0;0;0;0;0;53
2022-05-01 01:40:29.792;5057;5057 EEI CAMPO DA TUCA                                  ;0;52;52;0;56;56;0;0;0;0;0;0;0;108
2022-05-01 01:40:29.793;5058;5058 EEI TOPO GIGIO                                     ;0;68;68;0;90;90;0;0;0;0;0;0;0;158
2022-05-01 01:40:29.794;5059;5059 EEI ACOMUR                                         ;0;36;36;0;41;41;0;0;0;0;0;0;0;77
2022-05-01 01:40:29.795;5060;5060 IEI MURIALDO                                       ;0;51;51;0;50;50;0;0;0;0;0;0;0;101
2022-05-01 01:40:29.796;5061;5061 IEI VÓ BELINHA                                     ;0;62;62;0;47;47;0;0;0;0;0;0;0;109
2022-05-01 01:40:29.798;5062;5062 IEI ESTRELA MAGICA                                 ;0;52;52;0;46;46;0;0;0;0;0;0;0;98
2022-05-01 01:40:29.799;5063;5063 IEI NOSSA SENHORA APARECIDA -VILA PINHAL           ;0;35;35;0;38;38;0;0;0;0;0;0;0;73
2022-05-01 01:40:30.072;5064;5064 EEI RECREIO DA DIVISA                              ;0;12;12;0;46;46;0;0;0;0;0;0;0;58
2022-05-01 01:40:30.073;5065;5065 IEI ARCO IRIS ENCANTADO                            ;0;79;79;0;77;77;0;0;0;0;0;0;0;156
2022-05-01 01:40:30.074;5066;5066 EEI MEU NENE                                       ;0;19;19;0;32;32;0;0;0;0;0;0;0;51
2022-05-01 01:40:30.075;5067;5067 IEI NOSSA SENHORA DA GLORIA                        ;0;43;43;0;44;44;0;0;0;0;0;0;0;87
2022-05-01 01:40:30.076;5069;5069 IEI CRECHE LAR DA CRIANCA                          ;0;10;10;0;33;33;0;0;0;0;0;0;0;43
2022-05-01 01:40:30.078;5070;5070 IEI CENEAMM 1 DE MAIO                              ;0;53;53;0;64;64;0;0;0;0;0;0;0;117
2022-05-01 01:40:30.079;5071;5071 EEI CRIANÇA FELIZ                                  ;0;47;47;0;39;39;0;0;0;0;0;0;0;86
2022-05-01 01:40:30.080;5072;5072 IEI AMAVTRON                                       ;0;64;64;0;54;54;0;0;0;0;0;0;0;118
2022-05-01 01:40:30.081;5073;5073 EEI MATO GROSSO                                    ;0;57;57;0;46;46;0;0;0;0;0;0;0;103
2022-05-01 01:40:30.083;5074;5074 IEI BOA ESPERANÇA                                  ;0;78;78;0;87;87;0;0;0;0;0;0;0;165
2022-05-01 01:40:30.084;5075;5075 IEI MARIA DOLABELLA PORTELA                        ;0;49;49;0;39;39;0;0;0;0;0;0;0;88
2022-05-01 01:40:30.085;5076;5076 EEI DOM ORIONE                                     ;0;60;60;0;88;88;0;0;0;0;0;0;0;148
2022-05-01 01:40:30.086;5077;5077 EEI NOSSA SENHORA DE NAZARÉ-DOM ORIONE             ;0;47;47;0;46;46;0;0;0;0;0;0;0;93
2022-05-01 01:40:30.087;5081;5081 EEI BRIZOLINHA                                     ;0;19;19;0;33;33;0;0;0;0;0;0;0;52
2022-05-01 01:40:30.088;5082;5082 IEI MEDIANEIRA                                     ;0;34;34;0;46;46;0;0;0;0;0;0;0;80
2022-05-01 01:40:30.089;5083;5083 EEI CASA DE NAZARE CENTRO DE APOIO AO MENOR        ;0;62;62;0;48;48;0;0;0;0;0;0;0;110
2022-05-01 01:40:30.091;5084;5084 EEI CANTINHO DA CRIANÇA                            ;0;30;30;0;25;25;0;0;0;0;0;0;0;55
2022-05-01 01:40:30.092;5085;5085 EEI BATILANOS                                      ;0;24;24;0;22;22;0;0;0;0;0;0;0;46
2022-05-01 01:40:30.093;5086;5086 EEI ARAPEÍ                                         ;0;48;48;0;35;35;0;0;0;0;0;0;0;83
2022-05-01 01:40:30.094;5087;5087 IEI NUCLEO SAO FRANCISCO                           ;0;50;50;0;42;42;0;0;0;0;0;0;0;92
2022-05-01 01:40:30.095;5088;5088 IEI VINDE A MIM AS CRIANCINHAS                     ;0;46;46;0;54;54;0;0;0;0;0;0;0;100
2022-05-01 01:40:30.096;5089;5089 EEI VÓ MARIA                                       ;0;29;29;0;25;25;0;0;0;0;0;0;0;54
2022-05-01 01:40:30.097;5091;5091 IEI MADRE BRIGIDA POSTORINO                        ;0;15;15;0;18;18;0;0;0;0;0;0;0;33
2022-05-01 01:40:30.098;5097;5097 EEI PASSO A PASSO                                  ;0;15;15;0;17;17;0;0;0;0;0;0;0;32
2022-05-01 01:40:30.100;5099;5099 EEI AMIGO SPINELLI                                 ;0;76;76;0;50;50;0;0;0;0;0;0;0;126
2022-05-01 01:40:30.101;5100;5100 IEI ISABEL VIEIRA                                  ;0;38;38;0;85;85;0;0;0;0;0;0;0;123
2022-05-01 01:40:30.102;5102;5102 IEI RENASCER VILA AMERICA                          ;0;46;46;0;39;39;0;0;0;0;0;0;0;85
2022-05-01 01:40:30.103;5105;5105 EEI ANANDA MARGA RESTINGA VELHA                    ;0;9;9;0;41;41;0;0;0;0;0;0;0;50
2022-05-01 01:40:30.104;5106;5106 EEI NOVA SANTA RITA                                ;0;33;33;0;47;47;0;0;0;0;0;0;0;80
2022-05-01 01:40:30.105;5107;5107 EEI ARCO IRIS I                                    ;0;0;0;0;64;64;0;0;0;0;0;0;0;64
2022-05-01 01:40:30.348;5108;5108 EEI PADRE PEDRO LEONARDI I                         ;0;40;40;0;47;47;0;0;0;0;0;0;0;87
2022-05-01 01:40:30.349;5109;5109 EEI ANANDA MARGA RESTINGA NOVA 1                   ;0;0;0;0;48;48;0;0;0;0;0;0;0;48
2022-05-01 01:40:30.350;5110;5110 EEI ANANDA MARGA JUCA BATISTA                      ;0;57;57;0;91;91;0;0;0;0;0;0;0;148
2022-05-01 01:40:30.351;5111;5111 EEI ANANDA MARGA BARRO VERMELHO                    ;0;19;19;0;46;46;0;0;0;0;0;0;0;65
2022-05-01 01:40:30.352;5112;5112 EEI SANTA CATARINA DA RESTINGA                     ;0;40;40;0;59;59;0;0;0;0;0;0;0;99
2022-05-01 01:40:30.353;5113;5113 EEI  ANJINHO DA GUARDA                             ;0;94;94;0;96;96;0;0;0;0;0;0;0;190
2022-05-01 01:40:30.355;5114;5114 EEI CAPELA NAVEGANTES                              ;0;10;10;0;43;43;0;0;0;0;0;0;0;53
2022-05-01 01:40:30.356;5115;5115 IEI SANTA ANITA                                    ;0;56;56;0;48;48;0;0;0;0;0;0;0;104
2022-05-01 01:40:30.357;5116;5116 IEI COLORINDO MEU DIA                              ;0;52;52;0;47;47;0;0;0;0;0;0;0;99
2022-05-01 01:40:30.358;5117;5117 EEI NOSSA SENHORA APARECIDA LOT MARIANTE           ;0;52;52;0;43;43;0;0;0;0;0;0;0;95
2022-05-01 01:40:30.359;5119;5119 EEI CRIANÇA CIDADÃ                                 ;0;32;32;0;44;44;0;0;0;0;0;0;0;76
2022-05-01 01:40:30.360;5120;5120 EEI MEDIANEIRA NOSSO SONHO I                       ;0;52;52;0;79;79;0;0;0;0;0;0;0;131
2022-05-01 01:40:30.361;5121;5121 IEI NSA SRA APARECIDA IPANEMA                      ;0;52;52;0;50;50;0;0;0;0;0;0;0;102
2022-05-01 01:40:30.362;5123;5123 EEI GOTINHAS DE AMOR                               ;0;14;14;0;15;15;0;0;0;0;0;0;0;29
2022-05-01 01:40:30.363;5124;5124 EEI ANTONIO GIANELLI - LOT CAVALHADA               ;0;40;40;0;49;49;0;0;0;0;0;0;0;89
2022-05-01 01:40:30.364;5127;5127 EEI VILA GAÚCHA                                    ;0;24;24;0;36;36;0;0;0;0;0;0;0;60
2022-05-01 01:40:30.366;5128;5128 IEI TIA HELENA                                     ;0;53;53;0;37;37;0;0;0;0;0;0;0;90
2022-05-01 01:40:30.367;5129;5129 IEI RENOVAR DA ESPERANÇA II                        ;0;40;40;0;44;44;0;0;0;0;0;0;0;84
2022-05-01 01:40:30.368;5130;5130 IEI TECNOBABY                                      ;0;47;47;0;44;44;0;0;0;0;0;0;0;91
2022-05-01 01:40:30.369;5131;5131 IEI SÃO VICENTE DE PAULO                           ;0;55;55;0;51;51;0;0;0;0;0;0;0;106
2022-05-01 01:40:30.370;5132;5132 EEI ANANDA MARGA RESTINGA NOVA 2                   ;0;10;10;0;40;40;0;0;0;0;0;0;0;50
2022-05-01 01:40:30.371;5133;5133 EEI AMOVIR                                         ;0;33;33;0;22;22;0;0;0;0;0;0;0;55
2022-05-01 01:40:30.372;5134;5134 EEI PÉ DE PILÃO                                    ;0;58;58;0;45;45;0;0;0;0;0;0;0;103
2022-05-01 01:40:30.373;5135;5135 EEI ANTONIO GIANELLI                               ;0;51;51;0;49;49;0;0;0;0;0;0;0;100
2022-05-01 01:40:30.374;5136;5136 IEI UNIÃO ESPERANÇA                                ;0;61;61;0;46;46;0;0;0;0;0;0;0;107
2022-05-01 01:40:30.376;5138;5138 IEI BRINCANDO E APRENDENDO                         ;0;50;50;0;42;42;0;0;0;0;0;0;0;92
2022-05-01 01:40:30.377;5139;5139 IEI ACOMPAR NUCLEO III                             ;0;56;56;0;47;47;0;0;0;0;0;0;0;103
2022-05-01 01:40:30.378;5140;5140 EEI JESUS MENINO                                   ;0;35;35;0;23;23;0;0;0;0;0;0;0;58
2022-05-01 01:40:30.379;5141;5141 EEI ABRASCE LOTEAMENTO PAMPA                       ;0;73;73;0;56;56;0;0;0;0;0;0;0;129
2022-05-01 01:40:30.380;5142;5142 IEI CRESCER COM LAZER                              ;0;64;64;0;47;47;0;0;0;0;0;0;0;111
2022-05-01 01:40:30.381;5145;5145 IEI  PRINCESA ISABEL                               ;0;26;26;0;27;27;0;0;0;0;0;0;0;53
2022-05-01 01:40:30.566;5146;5146 EEI CHACRINHA                                      ;0;21;21;0;31;31;0;0;0;0;0;0;0;52
2022-05-01 01:40:30.567;5147;5147 EEI PADRE PEDRO LEONARDI II                        ;0;26;26;0;20;20;0;0;0;0;0;0;0;46
2022-05-01 01:40:30.569;5148;5148 EEI MARISTA MENINO JESUS                           ;0;61;61;0;41;41;0;0;0;0;0;0;0;102
2022-05-01 01:40:30.570;5149;5149 EEI EGIDIO PICCOLI                                 ;0;45;45;0;45;45;0;0;0;0;0;0;0;90
2022-05-01 01:40:30.571;5150;5150 ECEI PE LUIZ PEDROLLO                              ;0;54;54;0;43;43;0;0;0;0;0;0;0;97
2022-05-01 01:40:30.572;5151;5151 EEI BOA VISTA                                      ;0;50;50;0;45;45;0;0;0;0;0;0;0;95
2022-05-01 01:40:30.573;5152;5152 IEI PEQUENO PRINCIPE                               ;0;14;14;0;40;40;0;0;0;0;0;0;0;54
2022-05-01 01:40:30.574;5153;5153 EEI  MEU DENGO                                     ;0;52;52;0;45;45;0;0;0;0;0;0;0;97
2022-05-01 01:40:30.575;5154;5154 IEI MUNDO COLORIDO                                 ;0;42;42;0;39;39;0;0;0;0;0;0;0;81
2022-05-01 01:40:30.576;5155;5155 IEI RENOVAR DA ESPERANÇA                           ;0;58;58;0;37;37;0;0;0;0;0;0;0;95
2022-05-01 01:40:30.578;5156;5156 IEI LAR ESPERANÇA                                  ;0;59;59;0;84;84;0;0;0;0;0;0;0;143
2022-05-01 01:40:30.579;5157;5157 EEI MARISTA RENASCER                               ;0;30;30;0;25;25;0;0;0;0;0;0;0;55
2022-05-01 01:40:30.580;5158;5158 IEI ESCOLA DA VIDA                                 ;0;33;33;0;33;33;0;0;0;0;0;0;0;66
2022-05-01 01:40:30.581;5159;5159 EEI TIA IARA                                       ;0;27;27;0;15;15;0;0;0;0;0;0;0;42
2022-05-01 01:40:30.582;5160;5160 EEI ANJINHOS DE CRISTAL                            ;0;47;47;0;35;35;0;0;0;0;0;0;0;82
2022-05-01 01:40:30.583;5161;5161 EEI RAIO DE SOL                                    ;0;27;27;0;47;47;0;0;0;0;0;0;0;74
2022-05-01 01:40:30.584;5163;5163 EEI  PLANETA INFANTIL                              ;0;26;26;0;34;34;0;0;0;0;0;0;0;60
2022-05-01 01:40:30.586;5164;5164 EEI ARCO ÍRIS II                                   ;0;51;51;0;0;0;0;0;0;0;0;0;0;51
2022-05-01 01:40:30.587;5165;5165 IEI VOVÓ BELINHA                                   ;0;73;73;0;41;41;0;0;0;0;0;0;0;114
2022-05-01 01:40:30.588;5166;5166 EEI ABRASCE PARTENON                               ;0;58;58;0;50;50;0;0;0;0;0;0;0;108
2022-05-01 01:40:30.589;5167;5167 EEI  PADRE VALLE NOSSO SONHO II                    ;0;58;58;0;63;63;0;0;0;0;0;0;0;121
2022-05-01 01:40:30.590;5168;5168 EEI TIA BETH                                       ;0;15;15;0;45;45;0;0;0;0;0;0;0;60
2022-05-01 01:40:30.591;5169;5169 IEI SONHO MEU                                      ;0;20;20;0;18;18;0;0;0;0;0;0;0;38
2022-05-01 01:40:30.593;5170;5170 IEI  INTEGRAÇÃO DOS ANJOS                          ;0;57;57;0;85;85;0;0;0;0;0;0;0;142
2022-05-01 01:40:30.594;5172;5172 EEI POPULAR NOVA GERAÇÃO                           ;0;19;19;0;28;28;0;0;0;0;0;0;0;47
2022-05-01 01:40:30.595;5173;5173 EEI CASA NAZARÉ                                    ;0;30;30;0;40;40;0;0;0;0;0;0;0;70
2022-05-01 01:40:30.596;5175;5175 IEI OSICOM II                                      ;0;55;55;0;61;61;0;0;0;0;0;0;0;116
2022-05-01 01:40:30.597;5176;5176 IEI OSICOM III                                     ;0;96;96;0;65;65;0;0;0;0;0;0;0;161
2022-05-01 01:40:30.598;5177;5177 EEI SÃO GUILHERME                                  ;0;60;60;0;50;50;0;0;0;0;0;0;0;110
2022-05-01 01:40:30.599;5179;5179 IEI DUTRA JARDIM                                   ;0;64;64;0;49;49;0;0;0;0;0;0;0;113
2022-05-01 01:40:30.601;5180;5180 EEI PORTAL ENCANTADO                               ;0;62;62;0;49;49;0;0;0;0;0;0;0;111
2022-05-01 01:40:30.857;5181;5181 EEI PLANETA MÁGICO                                 ;0;59;59;0;46;46;0;0;0;0;0;0;0;105
2022-05-01 01:40:30.858;5182;5182 EEI CRECHE NAVEGANTES                              ;0;68;68;0;39;39;0;0;0;0;0;0;0;107
2022-05-01 01:40:30.859;5183;5183 EEI FAVO DE MEL  VILA ELIZABETH                    ;0;35;35;0;54;54;0;0;0;0;0;0;0;89
2022-05-01 01:40:30.861;5184;5184 EEI JARDIM IPIRANGA                                ;0;70;70;0;48;48;0;0;0;0;0;0;0;118
2022-05-01 01:40:30.862;5185;5185 EEI SÃO MARCOS                                     ;0;46;46;0;40;40;0;0;0;0;0;0;0;86
2022-05-01 01:40:30.863;5186;5186 EEI CANTINHO ENCANTADO                             ;0;30;30;0;33;33;0;0;0;0;0;0;0;63
2022-05-01 01:40:30.864;5189;5189 IEI CORAÇÃO VALENTE                                ;0;45;45;0;40;40;0;0;0;0;0;0;0;85
2022-05-01 01:40:30.865;5190;5190 EEI PINGUINHOS DE OURO                             ;0;64;64;0;47;47;0;0;0;0;0;0;0;111
2022-05-01 01:40:30.866;5191;5191 IEI CASA DA CRIANÇA N SRA AUXILIADORA              ;0;62;62;0;44;44;0;0;0;0;0;0;0;106
2022-05-01 01:40:30.867;5192;5192 EEI RENASCER DA ESPERANÇA                          ;0;52;52;0;40;40;0;0;0;0;0;0;0;92
2022-05-01 01:40:30.868;5193;5193 EEI TREVO DE OURO                                  ;0;55;55;0;47;47;0;0;0;0;0;0;0;102
2022-05-01 01:40:30.870;5194;5194 EEI PLANETA DO SABER                               ;0;64;64;0;50;50;0;0;0;0;0;0;0;114
2022-05-01 01:40:30.871;5195;5195 IEI ANJO DAS FLORES                                ;0;55;55;0;42;42;0;0;0;0;0;0;0;97
2022-05-01 01:40:30.872;5196;5196 ECEI PADRE NATAL                                   ;0;61;61;0;43;43;0;0;0;0;0;0;0;104
2022-05-01 01:40:30.873;5197;5197 EEI TIO ZÉ                                         ;0;57;57;0;41;41;0;0;0;0;0;0;0;98
2022-05-01 01:40:30.874;5198;5198 EEI PEQUENOS PESQUISADORES                         ;0;49;49;0;57;57;0;0;0;0;0;0;0;106
2022-05-01 01:40:30.875;5199;5199 EEI MUNDO DA IMAGINAÇÃO                            ;0;44;44;0;50;50;0;0;0;0;0;0;0;94
2022-05-01 01:40:30.876;5200;5200 EEI A CAMINHO DO SOL                               ;0;20;20;0;45;45;0;0;0;0;0;0;0;65
2022-05-01 01:40:30.877;5201;5201 IEI PEDAÇO DE GENTE                                ;0;60;60;0;47;47;0;0;0;0;0;0;0;107
2022-05-01 01:40:30.878;5202;5202 EEI GIRASSOL LAMI                                  ;0;7;7;0;42;42;0;0;0;0;0;0;0;49
2022-05-01 01:40:30.880;5203;5203 EEI AMIGO GERMANO                                  ;0;56;56;0;82;82;0;0;0;0;0;0;0;138
2022-05-01 01:40:30.881;5204;5204 EEI CRECHE ELSINHA                                 ;0;58;58;0;41;41;0;0;0;0;0;0;0;99
2022-05-01 01:40:30.882;5205;5205 IEI OSICOM IV - NOSSA SENHORA DA SALETE            ;0;59;59;0;75;75;0;0;0;0;0;0;0;134
2022-05-01 01:40:30.883;5207;5207 IEI PÉ DE MOLEQUE                                  ;0;63;63;0;40;40;0;0;0;0;0;0;0;103
2022-05-01 01:40:30.884;5208;5208 IEI VITÓRIA                                        ;0;59;59;0;38;38;0;0;0;0;0;0;0;97
2022-05-01 01:40:30.885;5209;5209 IEI ACOMPAR V - LUISA CASAGRANDE LEWANDOWSKI       ;0;63;63;0;47;47;0;0;0;0;0;0;0;110
2022-05-01 01:40:30.886;5210;5210 IEI EREMI                                          ;0;61;61;0;39;39;0;0;0;0;0;0;0;100
2022-05-01 01:40:30.887;5211;5211 EEI JARDIM DO FUTURO                               ;0;49;49;0;47;47;0;0;0;0;0;0;0;96
2022-05-01 01:40:30.888;5212;5212 EEI RECANTO DOS PEQUENINOS                         ;0;52;52;0;33;33;0;0;0;0;0;0;0;85
2022-05-01 01:40:30.890;5213;5213 IEI PATATI PATATA                                  ;0;31;31;0;39;39;0;0;0;0;0;0;0;70
2022-05-01 01:40:30.891;5216;5216 EEI CONSTRUINDO O AMANHÃ                           ;0;26;26;0;39;39;0;0;0;0;0;0;0;65
2022-05-01 01:40:31.126;5217;5217 EEI EDUARDA PUJOL ZANIRATTI                        ;0;30;30;0;31;31;0;0;0;0;0;0;0;61
2022-05-01 01:40:31.127;5218;5218 IEI CARLOS ALBERTO TEJERA DE RÉ                    ;0;60;60;0;47;47;0;0;0;0;0;0;0;107
2022-05-01 01:40:31.128;5219;5219 IEI PINGO DE MEL                                   ;0;12;12;0;24;24;0;0;0;0;0;0;0;36
2022-05-01 01:40:31.130;5220;5220 IEI CANTINHO DO SOL                                ;0;61;61;0;39;39;0;0;0;0;0;0;0;100
2022-05-01 01:40:31.131;5221;5221 EEI ANA MALTZ KNIJNIK                              ;0;62;62;0;44;44;0;0;0;0;0;0;0;106
2022-05-01 01:40:31.132;5222;5222 IEI PRISMA                                         ;0;57;57;0;42;42;0;0;0;0;0;0;0;99
2022-05-01 01:40:31.133;5223;5223 IEI SANTA TERESINHA                                ;0;33;33;0;43;43;0;0;0;0;0;0;0;76
2022-05-01 01:40:31.134;5224;5224 IEI DOM DADEUS GRINGS                              ;0;61;61;0;48;48;0;0;0;0;0;0;0;109
2022-05-01 01:40:31.135;5225;5225 IEI ESPAÇO DO SABER                                ;0;28;28;0;48;48;0;0;0;0;0;0;0;76
2022-05-01 01:40:31.136;5226;5226 EEI PROFª MARIETA PAIXÃO ARAÚJO                    ;0;74;74;0;88;88;0;0;0;0;0;0;0;162
2022-05-01 01:40:31.137;5227;5227 EEI MADRE VERÔNICA                                 ;0;62;62;0;41;41;0;0;0;0;0;0;0;103
2022-05-01 01:40:31.139;5228;5228 IEI APRENDENDO FELIZ                               ;0;56;56;0;42;42;0;0;0;0;0;0;0;98
2022-05-01 01:40:31.140;5229;5229 IEI CONSTRUINDO O AMANHÃ VILA JARDIM               ;0;15;15;0;35;35;0;0;0;0;0;0;0;50
2022-05-01 01:40:31.141;5230;5230 EEI ABRASCE ILHA DO PAVÃO                          ;0;25;25;0;19;19;0;0;0;0;0;0;0;44
2022-05-01 01:40:31.142;5231;5231 EEI PIMPONETA                                      ;0;24;24;0;28;28;0;0;0;0;0;0;0;52
2022-05-01 01:40:31.143;5232;5232 IEI SALVATORE LETTIERI                             ;0;64;64;0;44;44;0;0;0;0;0;0;0;108
2022-05-01 01:40:31.144;5233;5233 ECEI PROFESSORA VIVI REIS                          ;0;64;64;0;61;61;0;0;0;0;0;0;0;125
2022-05-01 01:40:31.145;5234;5234 EEI JARDIM DE OXUM                                 ;0;64;64;0;45;45;0;0;0;0;0;0;0;109
2022-05-01 01:40:31.146;5235;5235 EEI EDUARDA PUJOL ZANIRATTI II                     ;0;51;51;0;67;67;0;0;0;0;0;0;0;118
2022-05-01 01:40:31.147;5236;5236 EEI PITINGUINHA                                    ;0;89;89;0;78;78;0;0;0;0;0;0;0;167
2022-05-01 01:40:31.149;5237;5237 EEI WLANIR PORTO                                   ;0;60;60;0;46;46;0;0;0;0;0;0;0;106
2022-05-01 01:40:31.150;5238;5238 EEI CHEIRINHO DE MÃE                               ;0;16;16;0;35;35;0;0;0;0;0;0;0;51
2022-05-01 01:40:31.151;5239;5239 EEI MEU PEDACINHO DE CHÃO                          ;0;30;30;0;20;20;0;0;0;0;0;0;0;50
2022-05-01 01:40:31.152;5240;5240 EEI JARDIM FLORESTA LAMI                           ;0;49;49;0;62;62;0;0;0;0;0;0;0;111
2022-05-01 01:40:31.153;5241;5241 EEI DESENVOLVENDO O SABER                          ;0;14;14;0;34;34;0;0;0;0;0;0;0;48
2022-05-01 01:40:31.154;5242;5242 ECEI LAVINIA PEREZ                                 ;0;60;60;0;44;44;0;0;0;0;0;0;0;104
2022-05-01 01:40:31.155;5243;5243 EEI ANANDA MARGA BELEM NOVO                        ;0;63;63;0;44;44;0;0;0;0;0;0;0;107
2022-05-01 01:40:31.156;5244;5244 EEI NOSSA SENHORA DAS GRAÇAS                       ;0;61;61;0;42;42;0;0;0;0;0;0;0;103
2022-05-01 01:40:31.157;5245;5245 EEI ENI MEDEIROS                                   ;0;64;64;0;43;43;0;0;0;0;0;0;0;107
2022-05-01 01:40:31.159;5246;5246 ECEI BUSCANDO O SABER                              ;0;10;10;0;33;33;0;0;0;0;0;0;0;43
2022-05-01 01:40:31.774;5247;5247 ECEI IRMÃO FRANCISCO PEREZ                         ;0;63;63;0;42;42;0;0;0;0;0;0;0;105
2022-05-01 01:40:31.775;5248;5248 ECEI SANTA BÁRBARA                                 ;0;32;32;0;30;30;0;0;0;0;0;0;0;62
2022-05-01 01:40:31.775;5249;5249 EEI IRMÃO FRANCISCO CORNALE                        ;0;87;87;0;58;58;0;0;0;0;0;0;0;145
2022-05-01 01:40:31.775;5250;ECEI URSINHOS CARINHOSOS                                ;0;27;27;0;17;17;0;0;0;0;0;0;0;44
2022-05-01 01:40:31.775;6001;6001 EEF PEQUENA CASA DA CRIANÇA                        ;0;27;27;0;88;88;249;0;249;0;0;0;0;364
2022-05-01 01:40:31.775;6002;6002 EEF ALDEIA LUMIAR                                  ;0;0;0;0;0;0;189;0;189;0;0;0;0;189
